"x1","x2","x3","x4","x5","y"
-1.52687,-1.53529,-0.525467,3.28749,-1.10173,0
-1.3412,-0.646955,-0.293589,0.4022,-0.73986,1
-0.623388,1.25952,-0.792916,1.29471,0.478361,1
1.07498,0.178185,-1.3188,0.32838,0.114001,1
0.213637,1.15004,0.0951795,-0.805923,1.57035,1
-1.38343,-0.92291,-1.83356,1.50118,0.0529365,1
-0.414303,-2.22075,-1.21069,-0.395688,1.73979,0
-0.721651,0.210988,-0.919736,-0.331157,0.269602,1
0.564697,0.09952,0.304624,-1.29364,-0.2882,0
-0.933491,-0.929861,-0.752009,0.29243,-0.446933,0
-1.08081,0.305382,-0.557302,-0.201473,0.761577,1
-0.164591,-1.0381,0.121994,-0.895348,1.31088,1
-1.27355,0.489483,0.228052,-0.0119495,-1.50939,0
-0.690882,0.983218,0.536705,-0.636087,0.889821,1
-0.651519,-0.290107,-0.63346,-0.721514,2.10673,1
1.07517,0.99107,-0.433779,-0.212053,1.23658,1
0.833345,0.586841,0.234702,-0.529272,0.428487,1
-0.444596,-2.20397,0.938228,0.416085,-0.151263,1
0.144474,0.347021,0.0692557,-0.454355,-0.582025,0
1.82448,-1.19213,0.490277,-1.22356,0.599083,0
0.476336,-3.08787,0.205774,-1.79603,1.24899,0
-0.589629,-1.43469,0.880596,1.41341,0.601111,1
-0.222636,-1.4247,0.113533,-0.297909,0.504369,0
1.27793,-0.311097,0.617928,-0.383514,-0.425884,0
0.185882,0.612412,0.668359,-0.428407,-0.811395,0
1.56875,-1.25062,-0.645844,1.10925,-0.433678,0
1.70928,0.253083,1.28322,1.09391,-0.859371,0
-0.20108,-0.518388,-1.24688,-1.10605,0.337529,0
-1.83286,0.699923,0.875475,-0.0212969,-0.146539,0
-1.10788,1.55149,1.36491,-0.658616,-0.315006,0
0.277164,-0.97616,0.906147,1.35192,0.0147702,1
0.25923,0.513296,1.90435,1.45225,1.91858,1
0.327331,-0.625744,1.42263,0.38406,0.18087,1
0.92994,-0.323336,1.35404,2.07976,-0.500464,0
0.745534,-0.226999,-0.607685,0.1809,-0.393422,0
-0.720355,0.880391,-0.636848,-0.573655,-0.265531,0
-0.522285,-0.265196,1.34982,0.697696,0.274854,1
-0.26705,-0.238225,2.13278,0.869689,2.06487,1
-0.885461,-1.16305,1.01549,-2.37405,-0.502893,1
0.699207,-1.46749,-0.898639,-2.8989,-0.00558199,1
-0.645679,0.673451,0.221078,0.580632,0.441381,1
0.667361,-1.97057,-0.959672,0.141337,0.304965,0
0.0403927,-0.908747,1.87475,-0.0553925,-0.829532,1
-1.36713,-0.382356,0.766864,0.102929,0.313227,1
0.869819,-3.2471,-1.02558,-1.38193,0.808729,0
-0.433913,0.335203,-0.0616317,-0.211708,-1.45915,0
-0.570618,-1.78489,-1.12924,1.62539,-0.296771,0
-0.802939,2.03616,0.142763,-1.064,-0.929438,0
0.39248,-0.818536,-2.04052,-0.747476,2.09055,0
0.0209554,0.68848,1.36451,1.787,-0.82152,0
-1.33532,0.685447,-0.637791,-0.0253965,0.602217,1
0.644117,1.18754,0.161849,1.54199,-1.46043,0
-1.29029,0.902649,-1.05382,0.697359,-0.251714,0
-1.57338,-0.883815,-0.405866,-0.120573,-0.22204,0
-0.122904,-0.688733,0.782325,-1.70003,-0.941445,1
-1.03706,0.906422,-0.780835,0.248905,-1.24874,0
-1.09918,-0.424863,-0.471557,0.25703,-0.160284,0
-0.351227,-1.41358,-0.422095,0.566049,0.740676,1
0.377336,2.25812,1.76559,-0.407833,0.179472,1
0.568977,0.415725,0.559302,-1.72927,-0.83669,0
-1.26289,-0.0594015,1.02973,-0.357762,1.44759,1
0.993141,-0.600931,-0.0418488,-1.09038,0.346557,0
-0.279025,0.902348,-0.820149,-0.126123,-0.310185,0
-0.249881,-0.338283,-0.232151,0.29134,0.765012,1
-0.319529,-1.04292,-0.825727,0.488534,-0.0275585,0
-1.81362,1.5048,0.76681,-0.741507,0.766458,0
0.969123,0.425121,1.36349,-0.572497,0.648305,1
-0.735454,-0.513545,-0.758859,0.742866,0.843001,1
0.22688,-1.15862,-1.46769,0.0108903,-0.828554,1
-0.941743,-1.45594,-0.347968,-1.49252,1.2155,0
0.0377944,0.7751,0.289285,0.662646,-0.669302,0
-0.311799,-1.28972,-0.208675,-0.577556,-1.52648,1
-0.472165,-0.381392,0.188634,0.00783999,0.617885,1
-1.04867,-0.781676,-0.603124,0.949568,1.84716,1
0.685307,0.329951,0.405396,0.0578068,0.0265959,1
-0.0523287,-0.872438,0.334566,-0.938846,-1.49944,1
-0.647726,-0.449664,1.87155,-0.85066,1.05625,0
-0.238173,0.207143,1.10743,-0.238681,-1.19015,0
0.523178,-1.19129,-0.180417,0.531657,0.479782,1
2.05434,-0.682319,-0.0178186,-0.362297,-0.167151,0
2.77855,0.807422,-1.41783,-0.448473,-1.16213,0
0.792393,1.53991,-0.12063,0.171185,0.519348,1
-0.335925,-0.451669,0.213487,0.477291,1.36552,1
-0.404943,1.32482,-0.196612,1.35063,0.232365,1
-0.0383939,0.654464,0.274478,-0.0800155,0.340595,1
0.541842,-0.669969,-0.298429,0.38245,2.69589,1
-1.22511,-0.558034,-0.946223,2.09182,-1.04561,0
1.13938,1.14777,-0.167651,-0.682364,-0.704245,0
-0.947634,0.355525,-0.932356,-0.0245766,-2.01662,0
1.78312,0.615627,0.291058,-0.956925,1.26733,0
-0.842892,-0.201854,-0.286282,1.39064,-1.35157,0
-0.195023,-0.865889,0.219033,0.744033,0.43465,1
0.426838,0.256506,-0.50524,0.4141,0.44356,1
0.00259695,0.468725,0.985862,-0.166433,-1.30799,0
0.0332712,0.804852,-0.0634246,-0.285479,0.202377,1
1.77244,0.498509,0.709512,-0.663887,-1.2329,0
0.144711,0.219037,-0.361952,-1.34799,-0.000272064,0
-1.59495,-0.246965,1.06807,0.759081,0.279337,1
0.00129968,-0.0427736,-0.126986,-0.257278,-1.48604,0
0.652497,0.819297,-2.43993,-0.545219,1.50607,1
-0.452261,0.898534,0.296759,-1.99941,0.574693,0
0.814124,1.46164,0.176374,-1.19814,-0.319285,0
1.4654,0.927476,1.24645,-0.208821,0.647957,1
0.461063,0.138242,-0.456726,-0.789625,0.875957,1
0.464198,0.721853,0.217702,1.9018,0.958487,1
-0.517038,-0.842525,-0.529841,1.18013,2.13434,1
-0.329055,-0.0303525,-0.273183,0.541241,2.52342,1
0.413151,0.511063,2.25993,0.752435,-0.911885,1
-2.13487,0.874359,1.52889,-0.466449,0.381607,0
0.953422,1.32896,-1.22064,0.616487,0.121987,1
1.61056,-1.33974,-1.38422,1.87095,-1.0004,0
0.754303,-0.461234,1.18479,1.55376,0.752374,1
-1.21108,0.464272,-0.354088,-1.26969,0.880146,1
0.737235,-1.23599,0.402835,-0.394368,0.791903,0
1.01848,-0.58762,-0.84922,0.652058,0.909377,1
-1.5352,1.1071,-1.5868,1.30571,0.258075,1
1.12412,0.256609,-1.43453,-0.415285,0.55979,1
-1.23798,-1.35962,-0.673075,-0.448349,2.42816,0
2.28501,-0.182781,-0.469845,1.86124,0.0192717,1
1.44805,-0.919873,0.407291,0.477641,1.43743,0
-0.478188,-1.99945,0.387071,-0.34746,0.686887,0
0.0376873,-0.653899,1.61002,2.19696,-0.389392,0
0.527142,-0.514609,1.3409,0.391429,-0.163927,0
1.30561,1.61771,0.664267,0.902249,1.56064,1
0.375435,0.474538,-0.621518,0.392581,-0.720355,0
-1.05681,2.09911,0.0123419,0.535999,0.296358,1
-0.960898,0.651406,0.977844,-1.68372,-3.09457,0
1.45861,1.05594,0.933647,-2.17005,1.37998,0
-0.318981,-1.08618,-1.61178,-1.54783,-0.0127301,1
-1.45768,-0.390417,0.699388,-1.02138,0.981296,0
0.863914,-1.34286,0.263955,0.300018,-1.23016,0
-0.461532,-1.06805,0.413546,-0.236804,-0.969712,1
-0.076138,-0.460525,0.472892,1.00811,-0.22537,0
1.52833,1.14249,0.225622,-0.555691,1.42014,1
-0.37876,-0.561585,0.0915249,1.81938,1.75562,1
-1.29675,-0.956293,0.967595,0.602002,0.896443,0
-0.508186,-1.40651,-1.95106,-0.506744,-0.176097,1
0.249235,2.02915,0.533546,0.882307,-0.354185,0
-0.70656,-1.43412,1.50721,1.41264,1.67498,1
-0.593755,-0.261705,-1.48238,0.6935,0.667743,1
-3.357,0.193016,-0.640335,-1.12775,-0.562149,1
-1.21456,0.228958,-0.224168,-0.0915596,-1.90366,0
-1.36546,1.07323,1.64071,0.324879,-1.16528,0
-1.91518,0.934875,-0.0451689,0.596337,1.26714,1
-0.825584,0.326558,-1.52634,0.677714,-0.442202,0
1.38224,0.431191,-1.40788,1.04698,0.553067,1
-0.154527,-0.288646,0.486007,0.800041,-0.350941,0
0.183288,0.453435,-0.941283,1.93053,0.581302,1
-1.41422,1.89582,-1.07574,0.486098,-0.0602789,0
0.880298,-0.404578,1.31194,1.11206,-2.00767,0
0.682783,0.362414,-0.509455,0.544689,0.495375,1
0.255436,1.29721,-0.986709,-0.0947744,0.167261,1
0.233986,-1.20499,-0.864724,1.03739,0.867998,1
-2.39431,-1.82949,0.3331,-0.425932,-0.955948,1
-0.384101,0.358492,1.3198,-0.221523,0.528472,1
-0.466914,0.352601,-1.19319,-0.651784,0.258664,1
0.182295,-1.55328,0.135903,0.938403,-0.704516,0
-0.346916,0.910836,0.610038,-0.906986,-0.10317,0
0.701076,-0.263666,0.231034,0.361023,1.60909,1
0.35193,0.306062,0.411736,0.66802,0.83249,1
1.19006,1.12964,0.798652,-1.02116,0.460538,1
-1.14595,0.0511371,-0.278244,0.180576,0.497542,1
-0.710131,-1.60177,0.112165,0.852136,0.042747,1
1.05205,-0.892087,-1.2851,-1.13554,1.924,0
-1.58624,-0.699025,0.0101787,0.049251,1.10482,0
-0.162888,0.400276,2.29543,-2.22191,-0.307562,1
0.418139,-1.13565,-1.069,0.249281,1.68912,1
-1.21201,-1.10242,-1.19649,-0.897851,-0.980289,1
-0.529001,0.0291553,0.0818212,1.31211,1.39067,1
0.690599,-1.06362,-1.51517,0.239645,-0.959663,1
1.12859,0.0294446,0.937198,0.145291,-0.34585,0
-0.610782,1.21004,-1.07451,0.440289,0.493686,1
0.272846,-0.968125,1.13668,0.168568,0.922292,1
-0.95333,-0.893565,-1.31089,0.531851,0.555541,1
-1.13728,-1.40991,0.110235,-1.67053,-0.468905,1
1.46168,-0.555471,-0.0341617,-0.933253,0.595231,0
0.670088,0.015994,-0.328524,-1.52438,0.674231,0
2.21603,0.711198,0.579801,-0.619806,0.340312,0
0.126348,-1.11062,0.882026,0.134785,-0.0945314,0
-0.290502,2.55905,0.0679116,0.433114,-1.47022,0
1.90885,-0.367752,0.725644,0.682976,-0.755925,0
0.15766,-0.312705,-1.17575,1.23142,-0.854996,0
-1.66659,-1.02958,-1.33661,-0.236909,-0.0931541,1
0.33695,0.231893,3.61044,-0.411281,0.0146881,1
0.414816,0.408705,-0.72198,-0.591393,0.00417774,1
0.550209,0.340783,-1.1638,0.782236,-0.139609,0
0.251019,-0.619485,-1.01534,-0.411559,0.121334,1
0.688861,0.105816,-0.0316868,1.28836,-1.43512,0
0.803308,-0.638123,2.02501,2.89382,-0.673897,0
-1.13628,1.41261,-0.766607,-0.372781,1.20027,1
0.273674,2.63446,-0.225158,0.0353776,0.826065,1
-0.178752,-0.543195,1.59794,-2.3005,2.22124,0
-3.27879,0.412906,-0.156808,1.01712,-0.364665,0
-0.24046,-0.44769,-0.516302,-1.42344,0.650829,0
-1.18762,0.386839,-1.76781,0.516891,-0.116515,0
-0.853464,2.51103,0.666624,-0.367292,1.64846,1
-0.0141789,0.455653,-1.24446,0.203547,-0.451976,0
-0.919034,-0.898938,-0.560921,1.04417,1.44808,1
0.587132,1.34199,-0.109158,-1.26303,0.184393,1
-1.92183,0.909511,0.294752,0.321035,-0.23764,0
-1.62086,0.868826,-0.334114,-0.425668,0.706987,1
0.178048,-0.379334,0.141992,-0.580557,-0.223815,0
0.243751,0.54257,0.450004,0.214626,0.0861332,1
0.456928,0.501792,1.45667,-1.43493,-1.94204,1
0.355552,0.53415,-0.132245,0.118714,0.603342,1
-0.0685649,-1.36415,0.40579,0.842324,-0.0146896,0
-0.326047,-0.518828,-0.787411,1.17277,-0.562987,0
1.33037,-1.52228,2.39167,-0.619377,-0.0851548,1
0.531804,1.11325,1.63988,-0.721995,-0.884899,0
0.452372,-2.02659,1.44512,-0.57019,-1.34198,1
-0.269835,-0.991962,-0.776192,0.708708,-1.34092,0
-0.228837,-0.997773,1.39577,0.0126141,-0.92047,1
-0.33559,-0.807958,-0.840728,-0.484852,2.06651,1
1.26335,1.07753,0.782703,1.50439,-0.142039,0
1.13693,-0.641167,1.08208,0.149063,0.910613,1
0.224109,0.655304,0.515678,1.38799,0.856784,1
0.328472,0.715296,-0.250895,0.916704,0.250454,1
0.982765,1.51546,-1.79745,0.495317,-0.0803445,0
-0.615864,0.226151,-0.401008,1.24849,-0.78385,0
0.854904,0.43472,0.126708,-1.45678,3.05265,0
-0.492725,-1.35718,-2.04359,0.0325129,-0.232594,1
0.410867,-0.187464,1.00638,0.16027,0.830047,1
0.381197,-1.11926,1.17087,-0.0299589,0.55572,0
1.18023,1.00932,-1.60628,0.46991,0.452995,1
-0.854225,0.684625,-0.080229,1.7083,0.353802,1
-0.0797597,-0.773192,-1.52013,0.433932,0.123933,1
-1.2935,0.701653,-0.365806,-0.0237689,1.00563,1
-1.873,1.0365,0.9289,-0.511968,0.51873,0
0.694816,3.09188,-1.21716,0.171229,-3.35468,0
-0.574513,1.85189,0.775934,0.406203,-0.463173,0
-0.259918,-0.674913,1.25454,-0.396598,-0.141711,1
0.374303,-1.24105,1.25208,-0.947268,0.244787,0
-0.462599,0.344236,1.47831,0.336684,-0.671231,0
-0.0878031,-0.475216,0.0884995,-0.0880515,-1.90596,0
0.634168,-0.00909891,-0.482709,0.537503,-1.15657,0
1.52372,-2.07195,-2.13562,-0.0312917,1.15169,0
0.153976,0.316934,0.668661,1.03351,0.107537,1
-0.580763,1.33866,0.486234,0.398749,1.73728,1
1.41649,-1.20191,-1.11018,0.596304,1.54393,0
0.674642,-1.02037,0.0143135,1.89924,-0.18778,0
1.13045,-0.295651,0.66781,-1.02742,1.59142,0
0.980118,0.247346,1.96663,0.569632,1.71907,1
0.245157,-0.29285,-0.709067,-0.270429,-1.63354,0
1.51528,-1.07486,-0.706155,0.974356,0.809606,1
-0.141324,1.30652,-0.0218957,1.28666,0.271675,1
-0.424444,0.788052,0.16506,0.305355,0.809209,1
-2.00032,-0.0802538,1.02415,0.107422,0.703447,0
0.241357,0.061067,-0.772615,0.168342,0.27971,1
-0.383684,1.33066,0.260628,1.63379,-0.359474,0
0.968541,0.114395,-0.723144,-0.878897,-0.453689,0
-1.10996,0.533423,0.566691,-0.236618,0.0126908,1
-0.746613,1.33776,-0.444651,-0.0970616,-0.369854,0
1.87818,0.388397,1.02116,1.42174,-1.64452,0
-1.05929,0.80124,0.884827,0.137625,1.62398,1
-0.777793,0.347864,0.267356,-0.0573111,-1.38577,0
0.72055,1.94634,0.979492,-0.753436,0.0976653,1
-0.641687,0.0622927,-0.080144,0.0793062,0.0704712,1
0.142882,-0.0139628,0.601052,1.69585,-0.354497,0
-0.939854,0.163086,1.27726,0.232579,0.998431,1
-0.0523064,0.143528,1.27993,1.08025,-0.126866,0
-0.936102,0.191905,0.917994,-0.375748,1.1679,1
0.930435,0.514083,-0.415528,0.191408,-0.05325,0
0.662428,-0.971815,0.150345,0.884792,-0.308991,0
-0.915419,1.29247,0.23808,0.418169,-0.130686,0
-1.18368,0.847253,-1.3546,-0.291513,0.691836,1
-0.98004,-0.903597,1.44021,-1.10652,1.95954,0
0.232465,0.347246,0.120069,0.502064,-0.289204,0
0.241696,-1.62209,-0.36613,-0.769551,-0.833135,1
0.0902371,-1.5166,1.26387,-0.156515,0.535033,0
1.19975,-1.47977,0.0615846,0.860527,-0.079533,0
-0.89838,0.852887,2.53358,-0.665864,-0.432039,1
-0.472537,-1.26441,0.177941,0.229336,0.358023,1
0.00200175,0.341887,0.953322,0.0216316,-1.23815,0
0.506691,0.311988,-0.529964,-1.23134,0.669494,1
0.640415,1.30411,-2.59028,-1.95069,-2.10287,1
-0.622592,-0.873219,0.420881,-0.881843,-1.45044,0
1.71067,-0.0569128,-1.46982,-1.04261,0.910027,0
-0.619335,0.493632,-0.214602,-1.46287,-0.262775,0
-0.0358603,1.0174,0.498228,-1.11052,-0.381893,0
-0.612405,-0.619952,-0.166236,0.672794,0.919226,1
-1.00331,1.03196,-1.72792,1.02541,-2.06317,0
-0.504294,-1.18587,-0.241218,0.457347,-0.43592,0
-0.162787,-0.576044,-0.398176,-0.967111,1.56315,1
0.791364,-0.678185,-1.89983,-1.44898,0.310233,0
0.825201,-0.28969,0.29925,-1.51307,0.317087,0
-0.276619,1.32368,-0.750666,-1.07166,0.213494,1
-0.829043,0.69089,-2.18196,0.438044,-0.303345,0
0.506853,0.619261,0.286256,0.526746,1.10854,1
0.649914,0.187309,0.0298132,0.499217,1.13228,1
1.36199,1.54856,-2.18409,-1.02273,-0.648324,1
0.0208905,0.51851,2.52811,0.650311,-0.204997,1
-1.82887,-0.814302,1.02861,0.160321,-0.447998,0
0.391947,-0.0293331,-0.166587,-0.0631615,-0.209113,0
0.449236,-1.08445,-1.25838,1.29842,-0.306428,0
0.235315,-0.861677,1.43353,-1.08008,0.630495,0
0.127602,0.673534,2.10071,-0.765662,1.51514,1
-0.114432,0.373002,1.24487,-2.51441,0.241743,0
1.05715,-0.068964,-0.301379,-0.137967,-0.888008,0
1.06209,-1.22319,0.71369,0.771413,1.54985,1
0.797522,1.13945,0.293236,0.642682,-0.346593,0
-1.52136,1.45485,-0.377754,0.844449,-1.39662,0
0.344611,-1.77558,-0.182597,0.0970757,0.369989,0
-0.770101,-1.42543,0.128774,3.07073,0.637317,1
0.809658,-1.08786,-0.881035,-1.26766,-1.62923,1
1.59045,0.146213,-0.00442121,1.18859,0.812743,1
-0.309277,-0.747385,0.398711,0.889909,-0.191341,0
1.45333,-1.31992,0.373062,0.79139,-0.870094,0
1.33866,0.595048,-0.150474,-0.0895811,0.178911,1
-0.663325,0.409504,0.571251,-0.32856,0.451492,1
0.104965,1.20687,0.0824705,-2.05548,-0.473636,1
0.455897,0.350092,-0.0304695,-0.640193,-0.0721136,0
1.81873,-0.409629,-0.991885,-0.701526,0.215291,0
-0.925382,-0.49182,1.20224,0.504014,1.07797,1
1.43161,-0.755563,1.40088,-2.02203,0.38582,0
-1.01269,0.083236,0.0658163,0.997329,0.506912,1
-0.441446,0.435553,1.094,-0.561067,0.326709,1
1.99036,-2.10188,-1.63056,-0.262341,0.194206,0
0.795705,0.66323,-0.181818,0.991998,-2.93951,0
-0.385283,1.86169,-0.183991,-0.01204,1.11996,1
0.293385,-0.0033292,-1.13057,-2.56178,-0.351111,1
1.60039,-1.35034,0.506386,-1.88659,1.03086,0
-0.136482,0.526999,0.884495,-1.0873,0.786477,1
1.26418,1.00217,-1.24031,0.579234,0.0055402,1
-1.0116,1.80742,-1.43439,0.114581,0.847469,1
0.984657,-0.186424,-1.6162,-1.61322,0.91091,0
0.324964,-0.435935,-2.33302,-2.08192,-0.269793,1
-1.7204,-1.46918,1.28061,-0.602504,1.38924,0
0.178038,-1.16327,-2.50421,0.760873,-0.493476,1
-0.610746,-0.0360072,0.436781,0.121288,-0.33148,0
-0.90873,0.414448,-0.326536,1.34996,1.03897,1
0.24436,2.42693,-1.00196,-1.24637,-0.315354,0
-0.217885,0.702656,0.191655,-1.09746,-1.61132,0
-0.146572,-0.681433,-0.51398,-0.542436,-0.778937,0
-1.55593,-0.0898749,0.843958,-2.10571,-0.110986,1
-0.283118,0.993311,1.05935,0.92445,0.22367,1
0.179126,-1.71464,-0.0912143,1.14966,0.199613,1
-1.09741,2.42916,0.877241,0.951261,-0.376972,0
-0.825016,-0.0367133,0.125475,0.419479,-0.527306,0
-0.630588,0.10318,-1.862,-0.312432,-2.80997,0
0.409105,-0.544035,0.12633,0.487604,-0.51449,0
1.00377,0.0828388,-0.47345,-1.37604,-1.05168,1
0.199264,0.768188,0.16177,-0.633096,0.487134,1
-1.49631,-0.948739,-0.29515,1.86532,0.356668,1
3.18626,-0.150115,0.504121,-0.362544,-0.30425,0
-0.888373,1.95456,-2.49781,-0.290335,0.392732,1
0.260996,0.795805,0.412947,-0.5315,0.609785,1
-0.953299,1.06354,0.0184039,1.80194,0.612334,1
-1.07137,-0.749615,-1.02263,-0.746515,0.413757,0
-1.77806,-0.221699,-0.86657,1.19202,-0.0574517,0
0.388017,-1.32752,-1.46609,-1.95993,-1.53864,1
-0.744864,0.449508,0.0122936,-1.1259,1.34939,0
1.35714,-0.0622958,0.157143,-1.73149,-0.431855,1
-0.969378,-1.46814,0.679974,0.181304,0.69859,0
-0.329683,0.774951,0.150708,-0.966829,-1.06276,0
1.10328,0.584272,-0.67315,0.210631,-0.772619,0
0.146164,0.888753,0.192692,-2.20134,-2.29994,0
-0.754224,1.49604,1.06372,0.710283,0.290595,1
0.448412,0.523397,1.31637,0.305953,-0.084718,0
0.608907,0.171304,0.745899,0.154853,1.51444,1
0.0364923,0.0944412,0.863071,-0.774245,0.876669,1
0.227093,1.31511,-0.518264,-0.847433,-0.0285194,0
-2.68859,-0.806192,0.249127,2.27722,0.236447,0
0.217156,0.223645,-1.2113,-0.107303,-0.752817,0
1.12414,-0.495177,-0.5068,0.92861,0.628446,1
1.75564,-1.90589,0.40025,0.72987,0.679241,0
-2.12759,4.14745,0.222174,-1.14112,1.15087,1
-1.4322,0.166338,-0.115243,1.11442,0.44025,1
-0.519433,1.51201,-1.96124,0.912054,-0.651501,0
1.37506,-0.571719,-0.583111,1.85652,-0.566305,0
-1.23494,-0.1094,0.730749,0.239924,1.30813,1
0.334406,0.95146,0.317149,0.0594045,-1.71946,0
-0.495596,0.0982248,-0.175536,0.808805,-0.352605,0
-0.0960076,-0.125905,1.5625,0.575084,-0.434833,0
-0.73699,0.119082,-1.97306,0.660416,0.358505,1
-0.456787,0.022797,-1.76657,-0.302744,-1.90569,1
-1.31562,-0.345717,-0.521921,-0.247155,-1.68551,0
-0.620354,1.011,-1.30817,0.223929,1.25317,1
0.270823,-0.550877,-0.813049,-0.646977,-0.372478,0
-1.54127,0.032249,-0.342396,0.432536,0.693837,0
0.0233473,1.09188,1.57382,0.117404,1.24236,1
-0.103245,0.4147,0.918147,-0.892409,-0.101398,0
0.518907,0.322843,-0.697688,-1.18631,0.423904,1
-1.67352,-0.390297,0.253136,-1.05901,-0.125456,0
-1.26243,-0.0396212,-0.346556,-0.677085,-0.0669241,0
-1.52819,0.042752,-0.395708,0.408616,-0.834312,0
1.71762,-0.718263,-0.701496,-1.77237,0.353517,0
-0.498371,-0.30696,-1.79751,-0.0555426,-1.42385,1
-0.553843,-0.676672,0.727948,1.02018,-0.128762,0
0.587881,1.40081,1.41316,-0.557727,-0.787703,0
0.0386471,0.315009,0.906326,0.146917,0.620866,1
0.316918,-0.568574,-0.28097,0.964345,2.05227,1
-0.280595,-0.746534,-1.3483,0.48522,-0.924843,0
-2.09178,1.06005,-1.05061,1.06495,0.467863,1
0.386771,-0.391296,-0.265467,-0.132129,-1.81879,0
-1.20704,1.25213,0.102781,-0.308314,-0.121892,0
0.0248076,-0.161329,-0.242055,-2.27845,0.506683,0
1.35454,0.327456,-0.392172,-1.71737,-0.435382,0
-0.430325,-0.773318,0.952096,0.589047,1.21235,1
-2.50863,-0.502746,-0.0450855,-1.25572,0.405176,0
-1.44409,-0.408026,-1.0641,-1.07256,0.844429,0
-0.499908,-0.430279,0.716603,1.23128,0.0749176,1
0.878357,1.1602,1.82637,0.263822,0.585879,1
-0.526285,1.07945,2.07128,-0.991955,-0.436933,1
1.75075,0.421291,0.388454,1.75541,1.29107,1
-1.12998,-0.104637,-0.703772,-0.427147,-0.383574,0
1.46599,-0.817818,0.097355,0.330428,-2.13148,0
0.619163,1.51464,-1.49598,1.64896,0.374597,1
-0.540031,1.75621,1.4786,0.236921,0.296215,1
0.770588,-0.54879,0.607547,0.383126,-1.34413,0
0.600187,-0.108727,0.40395,-0.567141,1.40555,1
-0.932025,0.251779,-1.08625,0.0965165,0.266157,1
0.205711,2.85799,-1.55696,-0.742527,-0.669173,0
1.54394,-0.496296,-0.251404,-0.58796,0.296272,0
1.08801,-0.232855,-2.54995,1.10714,-0.731195,1
-0.291976,0.624756,0.628222,0.119193,-0.509365,0
-0.198736,1.12417,-1.28405,2.06061,-0.891712,0
-0.262846,1.10892,0.366504,-1.41737,1.47965,1
2.41818,0.956641,-0.766222,0.298449,2.09987,0
-0.542111,-1.68123,0.548435,0.199288,-0.229968,1
-1.0616,2.10424,0.161606,-0.840696,0.604858,1
0.584799,1.26569,-0.810423,0.424633,-0.591215,0
-0.782476,-1.40729,-0.286241,0.841406,-1.36432,0
0.566592,-0.568015,-1.67331,-0.139374,0.295677,1
-0.0202829,-1.20883,-0.589118,0.237877,-1.16215,0
2.26603,0.360507,-0.430158,-0.128863,0.941449,0
0.183474,0.41968,1.44097,-0.204828,0.429726,1
-1.17618,-0.195958,0.345894,0.415181,0.800157,1
0.0713344,-0.744408,-0.124707,-0.843902,-0.034991,1
1.15419,-1.19043,-1.602,-0.536105,0.0812524,0
-1.05003,-0.0245552,0.722912,-0.583107,0.530868,1
1.32649,-0.264471,0.274678,1.79992,-1.03801,0
1.13093,-0.636249,-0.355916,0.677934,-1.46085,0
1.31816,-1.56193,-0.780623,-1.88616,-0.0479838,1
0.613974,-0.318887,1.01216,0.53687,0.409735,1
1.34959,1.34718,1.30884,-2.39688,-0.529787,1
0.82687,1.2968,0.142381,0.462571,2.40804,1
-0.944474,0.642746,-0.400179,0.283395,-2.52785,0
-0.483456,1.60364,0.492353,1.08622,0.868128,1
0.137835,0.412964,1.81475,-0.221989,0.147394,1
0.589036,0.583466,2.55007,-1.52146,1.78546,1
0.0917073,0.61181,-1.07999,-0.643989,0.412565,1
0.415542,-1.04629,0.628204,0.386313,0.180785,1
-1.60176,0.520111,-0.985167,0.748874,-1.68303,0
0.520401,1.48743,0.646767,0.823462,-0.502837,0
-0.369926,0.886244,-0.0282164,0.626788,-1.69347,0
0.18822,-0.10149,0.163752,0.0901307,-0.997102,1
-0.181246,-1.71388,0.281539,-1.58617,0.0805658,0
-0.63311,0.767282,-0.659097,-1.33525,-1.1944,0
-0.416462,-1.16008,1.26089,1.18094,1.27539,1
-1.08635,0.615224,1.22663,-0.410344,-0.0194175,0
1.55765,0.0134472,-1.09392,0.499887,0.467329,1
3.2221,-0.772369,1.32583,0.552118,-2.15202,0
2.33336,-1.85834,0.421236,1.20353,0.0981842,0
-0.126298,-0.171666,0.567422,1.11382,2.4709,1
0.976497,-0.449832,-0.713825,0.791144,-0.436949,0
0.565365,0.192106,0.231911,2.02538,-1.33701,0
-0.410224,0.288074,0.473557,-0.461414,-0.178426,0
0.170168,-1.65615,0.0507543,1.03053,0.273394,1
0.836534,0.502148,1.26047,1.79266,-0.276017,0
-0.4329,0.00691728,0.655015,0.331349,1.34243,1
1.37973,-0.780236,0.726693,0.597857,-0.122482,0
0.165602,-0.242161,-0.864157,1.79981,-0.999396,0
2.106,0.136346,-0.96116,0.203626,0.717784,0
0.67202,-1.72024,-0.39115,0.288898,0.507532,0
-0.0183144,-0.311813,-0.686633,1.2447,-0.848825,0
0.479824,-2.0749,-0.283807,-0.546578,1.51981,0
0.202344,1.40664,-0.457944,0.496004,-0.349904,0
-1.09034,-0.324155,0.494365,0.0803134,2.38197,1
-1.38926,-0.929263,-0.0547822,0.530907,-1.17195,0
0.63298,-0.258275,-1.05857,1.50542,1.18479,1
-1.09812,-0.370719,-0.247041,-0.483295,-0.616829,0
1.37237,-0.187952,1.14879,-0.0239029,1.4142,1
-0.000433614,-2.02907,0.855372,0.680275,-0.575646,1
1.00058,-2.24105,-0.870591,0.480656,0.814264,0
-0.699286,0.0954639,0.083701,1.14,-1.39066,0
0.407949,-1.30387,-0.432838,0.264116,-1.34231,1
-0.154729,0.56088,-0.333652,0.174978,-0.404498,0
-0.889453,0.557034,-0.0121831,-0.319935,-0.482004,0
0.383742,-0.911054,0.0985871,-0.821156,2.24311,0
0.374254,1.04802,1.12259,1.13501,-1.37895,0
-0.139706,0.773156,-0.545296,-0.581343,-0.143052,0
-1.19484,1.35164,0.130502,-2.1045,-0.522072,1
-0.535438,-0.00818726,0.433366,1.0979,-0.168719,0
0.835521,1.04418,1.45588,1.80163,-0.164425,0
-0.013774,0.311356,-0.441981,-0.431711,1.57672,1
0.261938,-0.229691,0.857144,0.691685,0.828035,1
0.0139508,-1.26884,-0.246778,-0.222198,1.30542,0
-0.812144,0.634883,0.151541,2.86316,-0.168043,0
-0.341638,-0.60651,1.05039,2.209,0.71616,1
0.341321,-1.11628,-1.00784,0.72202,-0.566366,0
-0.805275,0.381815,-1.69544,1.99454,-0.374911,0
-1.81668,0.722933,-0.883383,-0.631156,-1.68209,0
1.31863,-1.87193,1.34021,-1.69019,0.85969,0
2.14787,1.38178,1.03006,-0.824228,-0.408869,0
0.895993,0.159261,-2.4127,-0.745262,0.0849825,1
1.54871,-0.316278,2.26285,0.121571,0.920191,1
0.260131,-0.653343,0.852545,-1.80214,1.01291,0
-0.556999,-1.61994,-0.260598,0.37476,-1.38048,0
-0.0881675,1.30638,0.467887,-1.57099,1.33309,1
-0.0578505,0.070696,-0.376855,-1.0385,0.556823,1
-0.147594,-1.05876,0.827066,-1.38957,-2.47664,1
0.0324483,0.622679,0.140755,-0.138451,0.691608,1
-0.201336,0.460901,1.18545,0.805286,-3.30902,0
-1.8047,1.59488,3.01952,-0.592532,-1.21028,1
-0.739322,1.01114,1.28094,-0.409261,-1.17599,0
0.585062,1.09062,-0.329735,1.24505,0.792958,1
1.96004,-0.00754944,-0.227522,-0.400582,0.828346,0
0.183613,0.771424,0.790164,-0.381352,0.666314,1
-0.917074,-1.51274,0.199296,0.707144,-0.671958,0
0.32353,0.538394,-0.553043,0.10689,0.779454,1
-0.442459,-1.57615,-1.78046,0.649209,0.400365,1
1.26803,0.435464,1.30763,-0.248597,-1.34385,0
0.938742,0.553757,-1.11715,-2.09333,-0.138964,1
0.179896,-2.44614,-0.587653,-1.22936,0.626212,0
0.897044,1.19979,2.18597,-0.313795,0.214834,1
0.331414,1.01611,0.514894,-2.00568,-0.364878,0
-0.599284,0.18315,0.962217,-0.886276,1.165,0
-0.895841,2.01217,-0.0081413,-0.66314,0.520447,1
-0.0889796,-1.2651,-0.602829,0.791043,0.947871,1
-1.42356,-0.186054,-1.42233,-0.900026,1.39794,0
0.945721,-0.402482,0.845559,-0.383913,-1.15058,0
2.46042,-0.654637,1.18824,-0.62266,0.0752305,0
-1.85265,-1.06949,2.06043,1.20613,0.283227,1
-0.892831,-2.13234,1.68021,2.79985,0.260957,1
1.85302,0.599384,-0.194369,1.98631,0.872863,1
0.395877,-2.08622,-0.14197,-0.491928,-1.51065,1
0.310904,-0.624582,-0.658281,-1.95232,-0.561126,1
-0.836636,0.130593,-0.565988,-1.44809,-2.24405,0
0.141116,-0.804949,0.172025,-2.02725,-0.00796629,1
-1.53182,2.60391,-0.189672,0.277587,0.788351,1
1.31025,0.158186,-0.603545,-0.367184,0.481803,0
0.997172,0.232399,1.10852,-0.138403,1.57152,1
0.772128,0.983844,0.0734466,-1.11974,1.64107,1
0.221982,-0.225442,1.5805,-0.363064,-0.323451,1
1.31762,0.418791,-0.926711,-0.220496,0.172703,0
-1.0922,-0.402089,0.38232,-0.811826,-1.57801,1
0.656273,0.534698,1.32465,1.15175,-0.216528,0
-0.171808,0.235836,0.552613,-0.857026,-0.940711,0
0.366517,0.712559,-0.778533,-0.396806,0.253271,1
0.119369,0.0488202,1.27739,-1.32324,-1.41414,1
0.881193,-1.15239,0.287486,0.207526,0.660956,1
-0.438396,1.18765,0.298575,-0.233627,-1.24808,0
-0.445624,0.618326,-0.872148,-0.14784,0.472164,1
-0.0197598,1.49123,0.0980698,0.288927,-1.57396,0
-0.412342,0.0587117,0.421187,-0.667288,-0.532175,0
-0.428653,1.02942,0.291673,0.759148,1.16914,1
0.75189,-0.857756,-0.0596422,-0.43635,0.979526,1
-0.691233,0.927614,0.23687,-1.65311,0.911524,1
0.0685253,-0.524708,1.43409,-1.4269,0.446793,1
-0.0600584,0.617141,-0.64893,-0.256197,-0.405235,0
-3.08445,0.53218,-0.26103,2.04324,-0.994817,0
-1.32824,-0.303667,-0.119438,0.914386,0.386226,1
0.182374,-1.03418,-0.291899,1.02433,-1.52593,0
-0.680395,-0.576216,-1.0225,-0.80998,1.73338,0
0.305656,0.272334,-1.42568,-0.908722,-0.627478,1
-0.461069,1.64639,1.92636,-0.63172,0.541728,1
-0.481789,0.0178115,1.15754,-0.706924,-0.645191,0
-0.0563529,1.38593,0.10376,-0.177947,-0.0598996,0
-0.538161,-0.896188,-0.125417,-0.951741,0.247152,1
1.11522,0.112447,-0.458565,0.732562,-1.13293,0
0.473486,1.00796,-1.38408,0.539213,-1.30627,0
-0.310604,0.524539,0.171326,1.21744,0.568284,1
-1.20406,0.416729,-1.1573,-0.887898,-1.60636,1
-0.388844,0.331141,1.75046,-0.306401,-0.374089,1
-2.67135,0.183164,-0.255417,0.584717,0.314578,0
0.326667,-0.721127,0.910964,-2.04748,0.285656,0
1.29598,-1.91405,-0.84993,-0.951095,-0.824988,1
-1.38903,-0.853978,-0.678503,-0.424605,0.616516,0
0.678609,-0.873821,-1.69398,0.533274,-0.0473626,1
0.0635328,-0.405979,0.771092,1.3569,0.122527,1
-2.30924,-0.218489,-0.586427,1.40607,-1.03074,0
-0.502098,0.0389894,-0.196928,-0.193891,-0.704359,0
0.821475,0.0297928,2.15749,-0.0892815,-0.15568,1
1.06386,0.355651,-0.0356239,-0.667794,1.23218,0
0.509354,0.809943,0.0408173,0.454753,-0.317708,0
-0.739071,2.17819,0.377092,1.67316,0.57549,1
-0.8035,-0.454597,0.262814,1.40098,-0.775349,0
-0.124989,1.13257,1.29086,1.39,-1.31251,0
0.767669,0.818238,-0.557448,-1.4866,-0.096593,0
-0.214563,0.980571,-1.40909,-0.110554,0.208424,1
1.55218,-1.13683,-0.391811,-0.0691553,-0.208572,0
-1.7885,-1.98949,-0.116168,1.12946,0.108837,0
-0.23373,-1.76826,-1.28995,0.511103,1.01761,1
-0.787762,1.03737,1.66877,-1.85804,0.931841,1
1.24973,0.18551,-1.36685,1.58103,0.351013,1
-0.364242,-0.245254,0.322508,0.815858,2.17899,1
-0.654249,-0.201411,-2.47213,-0.502046,-1.15312,1
1.46128,-1.40788,-0.547654,-1.62824,0.558622,0
1.67986,-0.863195,-0.315458,0.583358,-0.247787,0
-0.433396,-2.54354,-0.645253,0.52832,-1.65009,0
-0.57212,-1.34298,0.0736113,0.272194,0.865281,0
0.0981491,-0.614782,-1.59735,-0.511209,-0.164483,1
0.432494,-0.991185,0.594043,0.473633,-0.0169571,0
-1.42662,0.311843,-0.586568,-0.1078,0.977822,1
1.64714,0.388346,-0.16033,-0.713751,0.500561,1
1.01452,-0.816278,-0.608706,-1.38051,0.859123,0
-0.896857,0.736692,-0.559172,-2.23138,1.40604,0
-0.151414,-1.42635,0.721694,0.782574,-0.934818,0
-1.0885,-0.398602,1.04628,1.45306,0.416362,1
-0.13475,-0.391362,-0.356359,-0.0407816,-0.931429,0
0.611142,-2.30269,0.0569682,0.605492,1.08566,0
0.414313,-0.317446,-1.10611,-0.246334,0.226187,1
2.25943,-0.976071,-1.32136,-0.536809,0.275245,0
0.607026,-2.15502,-1.45626,-0.244055,1.09956,0
0.0704757,0.573544,-0.669698,1.19434,-0.40316,0
-0.0694873,-2.22106,0.346094,0.053336,-1.18252,1
-0.48808,1.52406,0.988203,-1.72977,-0.393342,0
0.423564,0.308894,-1.31479,-0.483864,1.75869,1
0.247001,0.645675,0.477144,0.581554,-0.184112,0
0.390707,0.678171,0.0142244,-0.172684,-0.481334,0
0.269495,-0.223971,-0.273665,0.70425,-0.247414,0
-1.47136,-0.536011,1.13386,1.66998,0.258337,1
-0.674314,-0.505398,0.289565,-0.288693,-0.0927926,0
-2.12824,0.659611,1.73178,0.293005,-0.57121,0
-0.827277,-0.0593719,-0.428969,-0.732865,0.888264,1
-0.289646,-1.93332,-0.829748,2.70539,-1.03459,0
1.01692,1.14305,0.82405,-0.964585,0.907491,1
-1.51629,0.758404,0.209677,2.00815,-0.117055,0
-0.185887,-0.109258,0.57515,0.76029,-0.936815,0
-0.518413,0.146396,-0.694268,0.259102,-0.85322,0
-0.868333,0.366399,-0.512997,1.60553,0.743382,1
0.77948,0.49513,-1.07644,-0.205055,-0.835575,0
1.71625,-0.756792,1.04163,0.450386,0.654439,0
-0.76467,-0.0649136,0.616708,1.29439,-1.04982,0
-0.27324,0.174859,-0.164813,-0.449206,-2.40347,0
-0.43967,0.260394,0.785958,0.638854,0.415325,1
-1.04303,1.67041,-0.594875,-0.0826964,0.330959,1
0.488111,0.03476,-0.193495,-1.17444,1.43983,0
-0.0129366,0.88606,1.4363,-1.24081,-0.323866,1
0.282991,0.693575,-1.01364,-0.825043,-0.290737,0
-0.697579,1.00792,-0.264466,0.561237,0.386278,1
-0.82623,0.617488,-0.13809,-1.73383,0.866634,0
0.146266,-0.973317,-0.228565,0.93171,0.452286,1
-0.576554,0.0746585,2.00945,-0.29994,-0.116117,1
0.361528,-0.299908,-1.92304,0.241972,-0.901069,1
1.39994,-0.160044,-1.74838,1.41774,0.0261935,1
1.61587,-1.84327,0.515616,1.1591,0.31933,1
-0.162292,-1.37025,1.81931,-0.247514,-0.741932,1
-0.452461,0.60638,0.118062,2.58625,-0.506309,0
-0.275857,-2.22289,-1.19133,1.99914,2.39757,1
-1.14266,-0.0923001,-1.18954,-0.922987,-0.011736,1
-0.513523,0.98596,-0.362717,-1.52779,0.959822,1
-0.250161,-0.492039,2.81529,0.837,0.141945,1
0.808127,-2.10026,-0.698788,0.00980842,2.05421,0
0.425498,2.61016,0.251315,-0.231241,-0.325528,0
-1.19575,-0.422197,-0.867646,1.48333,1.48247,1
-0.00566248,2.23589,0.645578,-1.25696,-0.682702,0
0.953451,0.0846468,0.203888,-0.666576,0.0737539,1
-1.20569,2.60727,-0.847848,1.55676,-0.257712,0
0.346878,-0.562108,0.379779,-0.222231,-0.496287,1
0.510157,1.03996,-0.892704,-0.177958,0.850727,1
-0.0819008,0.287553,0.607909,1.06254,-0.111764,0
0.834464,-0.85303,-1.13642,0.46671,0.235466,1
-0.167152,-0.210665,-0.832174,-0.230795,1.64129,1
-0.816454,-0.224611,1.5367,0.177021,-0.436986,0
1.10312,-0.0933431,1.17417,0.444788,1.22916,1
-0.18039,-0.279975,-0.119788,0.296939,0.646824,1
1.13975,-0.439989,0.0642113,-2.60355,-1.21296,1
-1.00713,-1.8313,0.764296,-0.41782,0.552485,0
-1.11339,-1.08344,0.251328,1.67421,0.770358,1
-1.31486,0.776177,2.14787,-0.130049,1.32439,1
-0.787025,0.334709,-0.790085,-1.23641,-0.893338,0
-1.36812,-0.841044,-1.50436,1.28748,0.353353,1
-0.711278,-0.524017,-0.980295,-0.445021,0.312001,0
-0.90415,0.346922,1.65322,0.872252,-1.5833,0
-0.234191,-0.829969,-0.305674,-1.35339,1.79456,0
0.682386,2.41599,-1.13538,0.436851,-0.966306,0
0.556245,1.25365,0.347394,1.22208,0.480326,1
-0.0347815,-0.133637,-0.811272,0.718329,0.0312343,1
-1.67152,-0.0786024,-0.148303,-0.686651,-0.0732863,0
0.62562,0.334839,-0.225906,-0.499595,2.31853,1
0.0618845,0.319404,0.707871,-0.659087,-0.457628,0
-0.653846,0.96875,0.875241,-0.419711,0.436395,1
0.0111185,-1.69854,0.865662,0.524044,0.15161,1
-0.363871,0.31118,1.13821,0.0833362,-0.0556637,0
0.783956,0.590531,-1.08146,1.16359,-0.796111,0
1.7781,1.3298,-0.367341,-1.02363,0.26705,0
0.0565509,0.02008,0.320642,0.660501,-0.930314,0
-1.10878,-0.212757,-0.694243,-1.99415,0.126075,0
-0.619118,-0.564916,-0.260008,-1.69407,2.05928,0
0.263474,2.27092,-0.562944,-0.702874,0.545563,1
0.4103,-2.05476,-1.38625,-0.301688,1.03182,0
-0.159735,-0.0162751,0.27466,-1.21121,-0.137484,1
-0.337166,-0.0529498,-0.0333378,-0.655153,-0.472885,0
1.16753,0.851764,-0.628202,-0.180647,0.920254,1
-0.730899,-0.697374,-1.01724,0.186778,-1.47892,0
-0.164739,0.306021,-0.259571,0.0717698,1.71619,1
-0.305074,-0.669207,-0.636809,0.296852,1.17094,1
-2.62509,-1.46701,-1.15879,-0.684695,0.00728577,0
-1.48281,-1.90283,-0.694292,2.45623,-0.443595,0
-2.1046,-0.107192,-1.74486,-0.874454,0.152801,0
0.068148,-0.457104,0.761124,0.353433,-0.368789,0
0.863472,0.892594,0.377453,0.161167,-2.02952,0
0.0518412,-1.29306,-1.09299,-1.90612,0.923036,0
-0.613323,0.724647,0.317356,0.340971,0.569842,1
0.249026,1.21078,-0.0217516,-1.21505,0.412885,1
-1.37678,0.123218,-1.09338,-1.01576,-0.103136,0
-0.00593029,-0.452111,0.0693604,-0.438887,0.173517,1
0.0463358,-1.60183,-1.4332,-2.33333,-0.625528,1
0.50416,0.361541,-1.71864,-0.902001,-0.405332,1
0.567202,1.73666,-1.13568,-0.515284,0.335783,1
-1.82043,0.136154,-0.992628,0.805303,1.9564,1
2.39141,-1.68078,0.174595,1.4559,1.46933,0
0.942053,0.844024,-1.97119,-2.01304,0.580303,1
-0.465154,-1.20957,-0.0298168,-0.832012,-0.0652854,1
0.368587,1.56364,-0.616268,0.200579,1.27457,1
-0.640188,0.481726,-0.563523,0.265633,1.56571,1
1.18591,-1.10293,-0.443237,-0.0182846,-1.01307,1
1.18367,0.0946741,1.73044,-0.733607,0.156698,1
-0.293865,0.147728,-0.752197,-0.212384,-0.130643,0
-0.227706,0.405485,1.16794,0.808211,-0.373534,0
-0.0106415,-1.4064,0.494066,0.0676156,-0.976648,1
0.195398,0.0970891,2.78263,0.716102,-1.12098,1
-0.362111,1.11673,-0.714738,0.366083,1.30315,1
-0.882635,-1.3392,-0.391403,-0.646501,-0.667734,1
-0.0618208,-0.311766,1.50478,0.286397,0.435333,1
-0.634261,-0.342443,0.629661,0.498016,0.119729,1
0.0597755,-0.0463429,-0.398318,0.375663,0.013798,1
-0.936955,1.40233,-0.0990092,0.791634,0.478918,1
0.580605,0.686423,-0.23541,0.506724,0.942372,1
1.75173,-0.170817,0.787827,-0.0476759,1.27681,0
-0.136355,0.164025,1.30026,0.505738,-0.277,0
0.0576516,-2.09589,-0.181354,-0.503936,-1.94162,1
-0.643129,2.2359,1.09719,1.12075,-0.363141,0
0.732447,1.43916,0.37602,-0.114965,0.497414,1
-0.410849,-0.191499,2.0465,-0.805627,-0.539092,1
1.05623,0.57747,0.574688,-0.356923,-1.15334,0
1.18213,1.36446,-0.481101,0.0868885,-0.231675,0
0.700131,-0.327306,1.23328,-0.441241,1.01454,1
0.833316,-1.25294,0.0379018,-0.95858,-0.273562,0
-0.175465,-1.69752,-1.31646,0.222082,-0.577337,1
0.112505,-0.439239,-0.741216,-0.35865,-0.0420676,0
-0.176584,1.07775,-0.564023,-0.570597,-1.19536,0
0.525743,0.744119,0.0564813,0.767145,-0.234172,0
-0.236104,-0.408153,-3.18217,0.433095,-1.41996,1
-1.83867,-0.239918,0.999031,0.385368,0.866328,1
-1.22337,0.164739,-1.26544,-0.46179,-1.76999,0
0.454668,-0.540945,1.2453,-1.06383,-0.420141,1
0.637403,-1.19014,-0.674754,0.816107,0.203933,1
0.126741,0.0514646,0.124675,-2.49219,0.485835,0
-1.62896,0.915818,0.431419,-1.56632,1.43382,0
1.10658,-1.25303,0.963834,0.38149,1.05751,0
0.27988,0.0281222,-1.3879,-1.47585,0.133475,1
0.15602,0.971755,-1.63431,0.932235,0.743842,1
-0.95956,-1.48024,0.218407,-0.263927,1.02054,0
1.07354,0.0817973,-0.535196,1.69405,0.795598,1
-0.705294,-0.261212,0.231411,-0.386627,1.39924,1
-0.345291,-0.628935,-0.143418,0.230588,0.527632,1
0.212785,-0.126986,0.303462,0.386371,1.01797,1
0.139983,1.07693,-2.16402,-0.448329,0.728928,1
0.308769,0.375719,-0.567199,0.170217,0.51207,1
-1.43525,-0.94823,0.0709697,1.34043,1.2845,1
-1.65298,-0.963771,0.260665,-1.07197,-1.00842,1
0.203563,-0.799206,-0.44543,1.11492,-0.51803,0
-0.0890515,-0.615545,-0.802799,-0.0899824,-0.641279,0
1.53749,0.0424586,0.692124,0.280496,1.04214,1
-1.84549,-1.64852,-1.81892,-0.00779764,-1.45183,1
-2.06271,-0.442666,0.842221,-0.192909,1.75547,0
-0.680184,0.141421,1.84311,0.351669,1.00674,1
0.239218,-0.355244,-0.954454,2.48709,0.521256,1
0.23893,-0.361554,-0.0860669,-0.804046,-1.66863,1
-2.19024,0.622007,0.770668,-1.18918,0.719306,0
-0.443172,1.63322,0.457765,-0.626611,1.72886,1
-1.59967,0.370146,0.0968737,0.215051,0.269092,1
0.453748,0.215475,-1.93603,-1.41624,0.823998,0
0.405195,-0.419463,-0.0675051,0.48041,-0.924176,0
-0.0550371,1.10047,-0.209622,0.724176,1.42882,1
-0.942656,-0.110088,-0.286011,-0.370997,0.0374035,1
-0.868313,2.42263,-0.59964,1.61122,-2.40994,0
0.794505,-1.12284,-0.345346,0.534303,0.504272,1
-0.998393,0.762987,1.35512,0.637241,0.573569,1
-0.145561,1.34415,0.351501,-0.83845,0.450869,1
0.00538796,0.813653,0.564274,0.361872,-0.0985033,0
-0.0409773,0.158141,0.0872046,-0.0253207,0.0567798,1
-1.32799,-0.00873387,0.0818162,-0.903081,0.116499,0
0.486392,0.184568,-0.150238,-0.185105,0.0995502,1
1.24848,-0.126138,0.664838,-0.408919,-0.648491,0
-0.44768,-0.692531,-1.54564,0.648762,-0.61471,1
-1.44161,0.490582,0.185745,-0.117143,0.820341,1
-0.223389,-0.953468,1.15504,0.707121,0.728885,1
1.02662,-1.20302,0.0740792,-0.998811,-0.659097,1
0.112545,-0.243834,0.142728,-1.41379,0.592642,1
1.42951,-0.997203,2.01492,-0.512249,0.200503,0
1.35399,-0.5404,-1.05107,-0.268377,-0.759936,0
1.25261,-0.591284,2.29972,-0.534274,0.0319819,0
-1.49563,-0.660923,-0.748163,-0.890451,-1.92698,1
-1.17258,1.93965,-0.186318,-1.1572,-0.578684,0
-0.926377,0.7798,1.56419,-1.3196,-0.0134067,1
-0.85879,0.515526,-1.20611,1.20462,0.620678,1
0.483961,1.05056,1.26513,0.111282,-0.460025,0
-0.675659,0.926459,-0.318438,1.21723,0.538053,1
1.50026,0.089521,0.736552,-0.897191,-1.75584,0
-0.106244,0.816173,1.83246,0.251209,1.43353,1
0.536408,-0.303425,0.489797,0.280093,-0.381705,0
2.04629,-0.922622,0.352922,-0.1413,-1.01866,0
-0.475274,0.434817,0.973901,0.37294,1.40825,1
0.216461,-1.76562,-0.888592,-0.799948,0.0484448,0
-0.617286,0.401304,-1.28857,-1.48928,-0.200526,1
1.62055,-1.37925,-0.637707,0.329664,-0.398165,0
1.13476,0.443307,-0.0680855,-1.79792,0.07993,0
1.30813,-0.876751,-0.0354546,1.3716,-0.870392,0
0.285909,1.144,0.548027,-0.222922,1.20191,1
-0.237081,-1.82807,0.56305,-1.28578,-0.211084,1
-0.870384,1.03323,0.860918,-1.58484,-0.33407,0
-2.12806,-0.0919065,-1.40897,1.57734,0.130403,1
-0.431913,0.462018,-1.88595,-0.230299,-0.617512,1
0.348531,0.649983,-0.657246,0.48981,-1.8828,0
-0.541731,-1.30152,-0.454982,0.562233,0.351159,1
2.02025,0.694903,-1.12884,-1.88438,0.132826,0
-0.106331,0.970664,-1.08484,-0.379987,-0.943506,0
-1.12413,-1.47733,-0.762426,-1.56464,-0.0818459,1
-0.95404,-0.418383,-1.10382,1.31405,0.108805,1
-0.247744,-1.26534,0.242266,0.655268,-0.741719,0
-1.62853,0.349224,-0.70271,0.366146,-1.51402,0
1.75328,-0.260462,1.93075,-1.62108,0.117653,0
2.03771,1.38028,-0.812372,2.07952,1.12256,1
0.0246587,0.916982,0.109843,-2.85498,-1.49376,1
0.596344,-0.187508,0.437838,-0.395214,0.815109,1
0.566161,-1.68206,0.224018,0.698045,-0.760682,0
-1.07193,0.892825,-0.957868,-0.322619,0.492532,1
-1.27246,-1.23247,1.55688,-0.337177,0.484531,0
0.767965,-0.873087,0.477001,0.155941,1.0569,1
-2.07481,-0.61795,-1.34007,-1.11355,2.68548,0
-1.34417,-0.146496,0.535417,-1.54653,0.555903,0
0.349532,0.777812,1.66729,-0.424657,0.525652,1
0.0918196,0.288506,-1.50268,0.414408,-0.205032,0
1.65991,1.76374,0.694294,0.745568,-1.23425,0
0.484802,-0.625774,-0.294174,-0.261217,-1.14663,0
0.875839,-0.285493,2.27086,-1.01833,0.786823,0
0.154769,-0.66516,-0.0333735,-1.68491,-1.48507,1
-1.19453,1.03076,2.34927,0.431797,1.10731,1
2.02156,-0.723451,-1.31936,-2.63238,0.477798,0
0.582029,1.1662,0.11211,-0.0585439,0.621488,1
1.2125,-1.49384,-1.03692,1.95754,0.502726,1
-2.36395,-1.93406,0.504293,-0.213134,1.12935,0
-0.131084,0.480177,-0.142637,0.46074,0.032317,1
1.5196,-0.773638,0.119018,0.921526,-0.380587,0
-0.770308,-0.301554,-0.618476,-1.43463,-0.606876,0
1.28281,-0.0926382,-1.82076,0.0711888,0.397351,1
-0.413375,-0.384226,0.321762,-1.17314,0.0655195,0
1.32249,-0.0673697,0.029051,-1.5107,1.81302,0
-0.876969,2.41755,-0.316606,0.73219,-0.55189,0
-0.0801619,1.43933,0.59013,0.0722064,1.1027,1
0.173086,-1.35961,-1.03529,-1.8295,-0.938541,1
0.654615,-1.80682,1.19753,0.594313,1.07177,0
-0.342723,-1.26245,-0.0202781,-0.446648,-0.282191,1
0.480951,0.571909,-0.750077,0.0335586,-0.273694,0
-0.230475,0.528925,-0.298538,1.88547,1.57109,1
0.247372,1.66251,-0.358117,-0.0582059,-0.924968,0
-0.471174,-0.351519,-0.919867,0.121533,-0.388188,0
-0.0921456,0.564037,-0.747177,1.54606,-0.874505,0
0.679956,0.0947666,0.250459,0.851754,1.54862,1
-0.298916,-0.833747,1.96981,-1.78966,0.311828,0
-0.25385,-0.553666,-1.08415,1.27794,-0.652837,0
0.161971,1.14454,0.424234,1.0295,-0.14898,0
1.5947,-0.316811,-0.854708,-1.18839,0.105376,0
-0.183527,-1.01148,-0.462235,1.37338,-0.550291,0
-1.13043,2.03304,1.02759,0.391703,0.66706,1
0.952308,-1.19552,-0.278091,-0.85899,-0.0534566,1
1.07347,0.236756,1.35436,-0.835521,-1.19879,1
1.31293,-0.249315,0.886921,-0.432319,1.14409,1
-0.457478,0.628325,0.191025,-0.523343,-0.0221284,0
1.28469,0.875383,0.544574,0.322277,-0.0946524,0
1.68153,-0.643037,1.067,1.62992,1.06203,1
-2.04258,-1.58338,1.14193,0.123465,0.115274,0
0.151314,0.336256,-0.212327,-1.50651,0.729232,1
-0.374129,0.489039,-0.822806,0.620567,-0.288252,0
2.25105,-0.101604,-0.119213,1.08905,0.72563,0
0.0797733,-0.624059,0.867827,0.278222,-1.36951,0
-1.02246,0.872807,-0.105991,-0.666569,1.00797,1
-0.055212,0.217039,0.0495224,-1.18707,-2.47389,0
-1.93162,-0.15499,0.0920892,0.0934089,-1.09517,0
0.219028,1.59847,0.621487,-0.595808,-0.0657033,0
1.40338,-1.14472,-0.919091,-1.20148,-0.521157,1
1.04546,-0.649965,-0.277505,-0.730491,-1.38371,0
0.279833,0.923236,0.0367937,1.12669,-1.34898,0
-0.876067,1.34066,1.06474,-0.817963,0.666937,1
1.06747,-0.0852676,1.07669,0.407151,-0.761881,0
1.70913,-0.275169,0.276354,-0.756868,-0.779836,0
-0.416911,0.435263,-0.0649992,0.811172,0.361177,1
-0.284606,0.16517,-0.0500375,-0.0589042,-0.109533,0
2.30444,0.698911,-0.306985,0.276904,-0.908105,0
-0.197764,0.985708,-0.851334,0.324319,-0.210864,0
-0.43282,0.368469,0.058815,-0.437008,-0.341669,0
0.431522,0.99648,0.669736,-0.398377,0.892372,1
1.3227,1.73178,-0.432981,-1.26518,0.368765,1
-0.320228,1.49592,-0.636869,1.21693,-0.583621,0
2.68115,1.43643,1.29244,-2.55112,1.23214,0
-1.77596,-0.113087,-0.420809,-0.801424,1.00988,0
-1.73917,0.117388,-0.659319,0.349286,0.651456,1
-0.170882,1.1338,2.15061,-0.991671,0.855109,1
-0.695003,1.22358,-2.34221,1.74431,0.217431,1
-0.321431,0.265648,-0.815039,-0.243391,-0.491905,0
-0.171658,0.148496,0.219233,-0.661661,-0.45321,0
-0.192711,-0.483674,-0.220206,0.355202,0.497775,1
-1.07213,-0.738215,-0.566298,-0.0233607,0.0327199,1
-0.96213,-1.06117,-3.03805,-0.740496,0.949205,0
2.17059,-0.0282505,-0.745535,1.55766,2.11936,1
-1.00541,-2.38569,1.20143,-0.944385,0.127688,0
-0.930603,0.211841,0.0597303,0.11732,-1.70327,0
-0.419252,-0.620584,0.123764,-1.83754,0.745803,0
0.360292,1.43516,-1.06492,1.04718,0.938039,1
-0.706319,0.779458,-1.07563,2.00088,0.203646,1
-1.20983,-0.842711,-0.927748,-0.0152266,-0.202676,1
1.18761,0.976317,-0.640366,0.513696,0.934304,1
1.10845,0.37537,0.399365,0.943945,1.05685,1
0.281835,-1.43861,-1.0912,-2.91185,0.806081,0
-0.868905,0.819946,-0.350731,-1.29874,1.8702,1
-0.198629,-2.4544,0.217636,-1.10514,0.690228,0
0.265739,-2.19232,0.355513,-2.37311,-0.0522453,1
1.42802,-0.159444,-0.585938,0.351055,-1.70106,0
-1.0819,-1.22399,0.865635,-0.573446,-0.0995169,1
-0.375823,0.231393,0.893383,-1.03262,-0.0757503,0
-0.788081,-1.35909,0.846867,1.11295,0.760325,1
1.31901,-0.0215356,-0.486186,-0.740108,0.214179,0
-0.623995,-0.31881,-0.405691,0.616967,-0.198393,0
-0.373029,-2.58518,-0.590895,-0.532757,-0.459329,1
-0.60765,-0.786265,0.121672,-0.841463,0.888033,0
0.955747,-0.711639,0.158553,1.19267,-1.24613,0
0.983093,-1.71884,-0.196716,-0.752075,-0.308154,1
1.79182,0.662322,-0.408542,-1.3902,-1.88489,0
1.59974,1.46175,0.485218,-0.666433,-0.127135,0
-0.188317,-1.20831,-0.0524137,-0.493879,0.418955,0
-1.51538,-0.920899,0.298726,0.0016149,-0.189065,0
-1.37772,-1.12091,-0.674117,0.874719,-0.405461,0
0.341215,0.390776,-1.70375,-0.585652,-0.0851619,1
0.653029,-0.294584,1.16652,-0.609698,-0.350911,1
-0.606578,-0.580889,0.187943,1.17921,0.729318,1
-0.945332,-0.416899,-1.80885,-1.51503,0.580151,0
0.199478,0.367349,-0.330429,1.26156,-1.01704,0
-0.745895,-1.03945,-0.801058,-1.037,0.034855,0
0.1147,-0.613122,-0.66426,1.32067,1.18587,1
0.0699633,0.298691,0.0353192,-0.627784,0.396436,1
2.88311,0.872912,-0.415745,1.04271,1.68214,0
0.932018,-0.652097,-0.345298,1.64701,0.0638461,1
-0.849596,0.788258,-0.349193,-0.130964,0.896354,1
-0.558341,-0.0750164,-0.139014,-0.909417,0.313051,0
-0.445345,1.62802,0.670909,-1.14965,0.11831,1
0.921301,-1.64108,-0.653466,-0.887399,-0.880628,1
1.75291,-0.579818,-0.176563,0.204921,0.451096,1
-0.121848,-1.04762,-1.27843,-0.358499,-0.693908,1
-0.0417649,-0.152159,1.81115,0.280325,0.118552,1
0.0543657,-1.35388,-1.0173,-0.0233188,-1.36522,0
-0.603738,0.190885,0.0830687,-0.687897,-0.215101,0
-1.09904,-0.465001,-0.226085,0.269659,-1.81223,0
0.725186,1.03113,-0.404358,0.593256,-1.08627,0
0.805851,0.834908,-1.00518,0.149155,0.0873768,1
-0.0879688,-1.04096,-0.145832,0.499473,1.51046,1
0.36971,-0.184762,-1.64588,-0.589196,-0.193371,1
-0.546594,-1.67074,-0.548808,0.0192336,1.03546,1
-0.948061,-0.25642,-0.218862,-1.08685,-0.951236,0
0.411815,-0.888982,-0.261271,-1.09486,-1.5683,1
-0.150956,-0.73923,-1.36658,-1.55191,-1.09734,1
-0.00976052,0.104038,-0.334605,0.280411,0.359931,1
1.37005,-1.14853,0.0526461,0.465515,2.07644,1
0.370792,-0.229927,0.866739,-2.11021,0.386522,0
-0.682856,-0.886964,-0.456233,-0.132405,-0.379528,1
0.742469,0.672196,-1.12464,-0.933199,-1.13035,0
0.43261,0.865521,-0.755944,-0.0743792,-0.688788,0
0.390531,-0.391744,-1.45211,-0.0443031,-0.843809,1
0.602043,-1.15897,0.859441,-0.11942,0.626344,1
-1.32881,-0.30877,2.69138,-0.309298,-0.654265,1
0.447935,1.10648,-0.423755,0.274083,-0.42136,0
-1.28845,0.170934,-1.51417,1.39806,-0.220246,0
-1.22153,-0.0196541,-1.42465,-1.10356,1.26759,0
0.283484,-0.751245,-0.658026,0.45603,-0.280469,0
-1.20692,-0.883823,-1.46034,1.83102,-0.899225,0
2.44271,0.279746,0.415041,-0.526979,0.938523,0
0.487913,1.32186,0.896947,2.38512,0.273028,1
-1.67876,0.785074,-0.606321,-0.419936,1.68522,0
0.595763,-1.24301,-1.23398,-0.450835,-0.133878,1
0.289763,-0.101053,-1.61296,1.2437,-0.823015,0
-0.667642,-1.08546,-0.804445,0.249978,-0.0397431,0
0.599147,-0.523945,1.6196,2.21252,1.33161,1
-0.79112,-1.01918,-0.709414,0.171909,0.130414,1
2.01098,0.133157,-0.404118,-0.76784,0.219663,0
-0.00293508,0.157915,2.23013,-0.0164368,0.658972,1
0.479816,0.129966,0.0782673,0.522704,1.4337,1
-0.267648,-0.659807,-2.14162,0.60047,-2.27773,1
2.06426,-0.29542,1.17303,-0.103406,-0.943142,0
0.0192648,1.31684,-0.892763,-2.18913,-0.883887,0
1.46744,0.20357,0.561,-0.62171,-0.66952,0
2.42684,0.274376,0.251842,0.141061,1.06005,0
-1.11926,-0.299852,-1.34759,2.77834,0.0301106,1
1.38709,-1.27383,-2.7039,0.787269,1.74741,1
1.86515,0.753139,1.12901,0.119753,0.237498,1
-2.0708,-0.373429,0.35461,0.0664313,-1.21097,0
1.95234,0.125044,0.962818,0.996409,0.654953,1
-0.434285,-0.966706,0.908334,-0.0427952,-1.22843,1
0.696763,0.32821,-0.896516,0.857273,0.0134139,1
0.494061,0.845511,-1.41277,-0.400137,0.524595,1
-0.795675,0.187846,-0.693598,-0.598448,-0.402816,0
-0.782086,-0.158022,-1.14739,0.622518,0.60877,1
1.06849,0.341452,0.314642,-0.876338,-0.349248,0
-0.93135,0.870463,0.353509,-0.154401,1.96257,1
0.134027,-1.25206,-1.45383,-0.170907,2.0388,0
-1.43152,0.482031,0.249918,1.07245,-0.702298,0
-1.80493,-0.356964,-1.19544,0.180196,0.970559,1
-0.584773,-0.210915,-0.364526,-0.498177,0.94587,1
-1.2648,-0.398111,-0.199347,-0.329047,-0.407317,0
